Size,Probability
<10,0.894681504
<50,0.086389421
<250,0.015108213
250+,0.003820862
